"name";"price";"url";"shop";"city"
"Colorful Laptop Gaming P15 i7-13620H 16GB 512GB SSD RTX 4060 15.6"" W11 Audio Baterai";"Rp16.999.000";"https://www.tokopedia.com/theideaco/colorful-laptop-gaming-p15-i7-13620h-16gb-512gb-ssd-rtx-4060-15-6-w11-audio-baterai-1730794732556747872?extParam=ivf%3Dfalse%26keyword%3Drtx+4060+laptop%26search_id%3D2026050803385463923F49E52413069O3N%26src%3Dsearch";"THEIDEACO";"Jakarta Pusat"
"Laptop Gaming COLORFUL EPOCH N14 GeForce RTX 4060 i7-13620H";"Rp20.499.000";"https://www.tokopedia.com/nvidiageforce/laptop-gaming-colorful-epoch-n14-geforce-rtx-4060-i7-13620h-1732065488180053206?extParam=ivf%3Dtrue%26keyword%3Drtx+4060+laptop%26search_id%3D2026050803385463923F49E52413069O3N%26src%3Dsearch";"NVIDIA GEFORCE";"Jakarta Utara"
"Colorful EPOCH N14 - Laptop Core i7-13620H RAM 16GB SSD 512GB RTX 4060 8GB 14"" QHD 165Hz";"Rp20.640.000";"https://www.tokopedia.com/enterkomputer/colorful-epoch-n14-laptop-core-i7-13620h-ram-16gb-ssd-512gb-rtx-4060-8gb-14-qhd-165hz-1731977753756862032?extParam=ivf%3Dfalse%26keyword%3Drtx+4060+laptop%26search_id%3D2026050803385463923F49E52413069O3N%26src%3Dsearch";"Enter Komputer Official";"Jakarta Pusat"
"Laptop Gaming AXIOO PONGO 760 V2 Intel Core i7 13620H RTX 4060 16GB 512SSD 15.6"" 144Hz";"Rp17.205.000";"https://www.tokopedia.com/teknotrend/laptop-gaming-axioo-pongo-760-v2-intel-core-i7-13620h-rtx-4060-16gb-512ssd-15-6-144hz-1731266311933036482?extParam=ivf%3Dfalse%26keyword%3Drtx+4060+laptop%26search_id%3D2026050803385463923F49E52413069O3N%26src%3Dsearch";"TeknoTrend ID";"Jakarta Pusat"
"Laptop Gaming Colorful Evol P15 - Intel Core i7-13620H | 16GB | GeForce RTX 4060 | SSD NVMe 512GB";"Rp17.899.000";"https://www.tokopedia.com/jayapc/laptop-gaming-colorful-evol-p15-intel-core-i7-13620h-16gb-geforce-rtx-4060-ssd-nvme-512gb-1733658946288846360?extParam=ivf%3Dtrue%26keyword%3Drtx+4060+laptop%26search_id%3D2026050803385463923F49E52413069O3N%26src%3Dsearch";"Jaya PC";"Jakarta Pusat"
"Laptop Gaming COLORFUL EVOL P15 GeForce RTX 4060 i7-13620H";"Rp18.699.000";"https://www.tokopedia.com/nvidiageforce/laptop-gaming-colorful-evol-p15-geforce-rtx-4060-i7-13620h-biru-muda-4ae33?extParam=ivf%3Dfalse%26keyword%3Drtx+4060+laptop%26search_id%3D2026050803385463923F49E52413069O3N%26src%3Dsearch";"NVIDIA GEFORCE";"Jakarta Utara"
"LAPTOP AXIOO PONGO 760 | i7 12650H 16GB 512GB RTX 4060 8GB 144Hz";"Rp18.099.000";"https://www.tokopedia.com/axiooslimbook/laptop-axioo-pongo-760-i7-12650h-16gb-512gb-rtx-4060-8gb-144hz-normal-e0464?extParam=ivf%3Dfalse%26keyword%3Drtx+4060+laptop%26search_id%3D2026050803385463923F49E52413069O3N%26src%3Dsearch";"Axioo Official Store ID";"Jakarta Utara"
"Colorful EVOL P15 HJ76B-W/G - Laptop Core i7-13620H RAM 16GB SSD 512GB RTX 4060 8GB 15.6"" QHD 165Hz";"Rp18.423.000";"https://www.tokopedia.com/enterkomputer/colorful-evol-p15-hj76b-w-g-laptop-core-i7-13620h-ram-16gb-ssd-512gb-rtx-4060-8gb-15-6-qhd-165hz-1731577912776689232?extParam=ivf%3Dfalse%26keyword%3Drtx+4060+laptop%26search_id%3D2026050803385463923F49E52413069O3N%26src%3Dsearch";"Enter Komputer Official";"Jakarta Pusat"
"Axioo Laptop Gaming Pongo 760 v2 Intel i7-13620H/16GB/512GB/RTX 4060/FHD IPS 144Hz -Windows 11";"Rp19.999.000";"https://www.tokopedia.com/axioo-indonesia/axioo-laptop-gaming-pongo-760-v2-intel-i7-13620h-16gb-512gb-rtx-4060-fhd-ips-144hz-windows-11-1730815054778631253?extParam=ivf%3Dfalse%26keyword%3Drtx+4060+laptop%26search_id%3D2026050803385463923F49E52413069O3N%26src%3Dsearch";"Axioo Indonesia";"Jakarta Timur"
"ACER PREDATOR HELIOS NEO 16 PHN16-72-93X3 - GeForce RTX 4060 Core i9-14900HX 1TB SSD 16GB RAM Notebook Laptop Gaming";"Rp24.799.000";"https://www.tokopedia.com/gasol/acer-predator-helios-neo-16-phn16-72-93x3-geforce-rtx-4060-core-i9-14900hx-1tb-ssd-16gb-ram-notebook-laptop-gaming-1734445635464758478?extParam=ivf%3Dfalse%26keyword%3Drtx+4060+laptop%26search_id%3D2026050803385463923F49E52413069O3N%26src%3Dsearch";"GASOL MALANG";"Malang"
"LAPTOP AXIOO PONGO 760 V2  RTX 4060 8GB i7 13620H RAM 16GB 512GB 16 INCH W11 - GARANSI RESMI";"Rp18.069.000";"https://www.tokopedia.com/exoglobal/laptop-axioo-pongo-760-v2-rtx-4060-8gb-i7-13620h-ram-16gb-512gb-16-inch-w11-garansi-resmi-1730906604671042955?extParam=ivf%3Dfalse%26keyword%3Drtx+4060+laptop%26search_id%3D2026050803385463923F49E52413069O3N%26src%3Dsearch";"EXO GLOBAL";"Makassar"
"Colorful EVOL P15 23-HJ76B-B - Laptop Core i7-13620H RAM 16GB SSD 512GB RTX 4060 8GB 15.6"" QHD 165Hz";"Rp18.423.000";"https://www.tokopedia.com/enterkomputer/colorful-evol-p15-23-hj76b-b-laptop-core-i7-13620h-ram-16gb-ssd-512gb-rtx-4060-8gb-15-6-qhd-165hz-1731578156025415248?extParam=ivf%3Dfalse%26keyword%3Drtx+4060+laptop%26search_id%3D2026050803385463923F49E52413069O3N%26src%3Dsearch";"Enter Komputer Official";"Jakarta Pusat"
"COLORFUL EVOL X15 AT RTX 4060 i7 - 13700HX Laptop Gaming | Grey";"Rp19.200.000";"https://www.tokopedia.com/gamingpcstore/colorful-evol-x15-at-rtx-4060-i7-13700hx-laptop-gaming-grey-1733308844967625893?extParam=ivf%3Dfalse%26keyword%3Drtx+4060+laptop%26search_id%3D2026050803385463923F49E52413069O3N%26src%3Dsearch";"STAR17 COM";"Jakarta Selatan"
"COLORFUL EVOL P15 23-HJ76B-G - GeForce RTX 4060 Core i7-13620H 512GB SSD 16GB RAM Grey Notebook Laptop Gaming";"Rp17.599.000";"https://www.tokopedia.com/gasol-laptop/colorful-evol-p15-23-hj76b-g-geforce-rtx-4060-core-i7-13620h-512gb-ssd-16gb-ram-grey-notebook-laptop-gaming-1734313782312010799?extParam=ivf%3Dfalse%26keyword%3Drtx+4060+laptop%26search_id%3D2026050803385463923F49E52413069O3N%26src%3Dsearch";"Gasol WTC Surabaya";"Surabaya"
"Laptop Gaming COLORFUL EVOL P15 GeForce RTX 4060 i7-13700HX";"Rp19.699.000";"https://www.tokopedia.com/nvidiageforce/laptop-gaming-colorful-evol-p15-geforce-rtx-4060-i7-13700hx?extParam=ivf%3Dfalse%26keyword%3Drtx+4060+laptop%26search_id%3D2026050803385463923F49E52413069O3N%26src%3Dsearch";"NVIDIA GEFORCE";"Jakarta Utara"
"COLORFUL EVOL P15 23-HJ76B-G - GeForce RTX 4060 Core i7-13620H 512GB SSD 16GB RAM Grey Notebook Laptop Gaming";"Rp17.599.000";"https://www.tokopedia.com/gasol-kaliurang/colorful-evol-p15-23-hj76b-g-geforce-rtx-4060-core-i7-13620h-512gb-ssd-16gb-ram-grey-notebook-laptop-gaming-1734313782313518205?extParam=ivf%3Dfalse%26keyword%3Drtx+4060+laptop%26search_id%3D2026050803385463923F49E52413069O3N%26src%3Dsearch";"GASOL KALIURANG";"Malang"
"Pickup / Kurir Toko | Laptop Gaming AXIOO PONGO 760 V2 Intel Core i7 13620H RTX 4060 16GB 512SSD 15.6"" 144Hz";"Rp17.205.000";"https://www.tokopedia.com/teknotrend/laptop-gaming-axioo-pongo-760-v2-intel-core-i7-13620h-rtx-4060-16gb-512ssd-15-6-144hz-1735079417943525314-1735079398482479042?extParam=ivf%3Dfalse%26keyword%3Drtx+4060+laptop%26search_id%3D2026050803385463923F49E52413069O3N%26src%3Dsearch";"TeknoTrend ID";"Jakarta Pusat"
"ACER PREDATOR HELIOS NEO 16 PHN16-72-93X3 - GeForce RTX 4060 Core i9-14900HX 1TB SSD 16GB RAM Notebook Laptop Gaming";"Rp24.799.000";"https://www.tokopedia.com/gasolsurabaya/acer-predator-helios-neo-16-phn16-72-93x3-geforce-rtx-4060-core-i9-14900hx-1tb-ssd-16gb-ram-notebook-laptop-gaming-1734445399974316027?extParam=ivf%3Dfalse%26keyword%3Drtx+4060+laptop%26search_id%3D2026050803385463923F49E52413069O3N%26src%3Dsearch";"Gasol Maspion Square Surabaya";"Surabaya"
"COLORFUL EVOL P15 | Laptop Gaming i7 13620H RTX 4060 512GB SSD 16GB DDR5 QHD 165Hz sRGB";"Rp18.699.000";"https://www.tokopedia.com/toko-expert-komputer/colorful-evol-p15-laptop-gaming-i7-13620h-512gb-ssd-16gb-ddr5-qhd-165hz-srgb-1732803277055820997?extParam=ivf%3Dfalse%26keyword%3Drtx+4060+laptop%26search_id%3D2026050803385463923F49E52413069O3N%26src%3Dsearch";"Toko Expert Komputer";"Jakarta Pusat"
"Laptop Gaming COLORFUL EPOCH N14 GeForce RTX 4060 i7-13620H";"Rp20.499.000";"https://www.tokopedia.com/tech-in-store/laptop-gaming-colorful-epoch-n14-geforce-rtx-4060-i7-13620h-1732067966188947271?extParam=ivf%3Dfalse%26keyword%3Drtx+4060+laptop%26search_id%3D2026050803385463923F49E52413069O3N%26src%3Dsearch";"Tech In Store";"Jakarta Utara"
"ACER PREDATOR HELIOS NEO 16 PHN16-72-93X3 - GeForce RTX 4060 Core i9-14900HX 1TB SSD 16GB RAM Notebook Laptop Gaming";"Rp24.799.000";"https://www.tokopedia.com/gasol-laptop/acer-predator-helios-neo-16-phn16-72-93x3-geforce-rtx-4060-core-i9-14900hx-1tb-ssd-16gb-ram-notebook-laptop-gaming-1734445399282648111?extParam=ivf%3Dfalse%26keyword%3Drtx+4060+laptop%26search_id%3D2026050803385463923F49E52413069O3N%26src%3Dsearch";"Gasol WTC Surabaya";"Surabaya"
"Laptop Gaming Colorful Epoch N14 AI PC - Intel Core i7-13620H | 16GB | GeForce RTX 4060 | SSD NVMe 512GB";"Rp19.949.000";"https://www.tokopedia.com/central-display/laptop-gaming-colorful-epoch-n14-ai-pc-intel-core-i7-13620h-16gb-geforce-rtx-4060-ssd-nvme-512gb-1733754307754690166?extParam=ivf%3Dfalse%26keyword%3Drtx+4060+laptop%26search_id%3D2026050803385463923F49E52413069O3N%26src%3Dsearch";"Central Display";"Jakarta Pusat"
"COLORFUL EVOL P15 23-HJ76B-G - GeForce RTX 4060 Core i7-13620H 512GB SSD 16GB RAM Grey Notebook Laptop Gaming";"Rp17.599.000";"https://www.tokopedia.com/galaxy-solusindo/colorful-evol-p15-23-hj76b-g-geforce-rtx-4060-core-i7-13620h-512gb-ssd-16gb-ram-grey-notebook-laptop-gaming-1734313389523961249?extParam=ivf%3Dfalse%26keyword%3Drtx+4060+laptop%26search_id%3D2026050803385463923F49E52413069O3N%26src%3Dsearch";"Galaxy Solusindo";"Malang"
"COLORFUL EPOCH N14 i7-13620H RAM 16GB DDR5-5200 SSD 512GB RTX 4060 8GB GDDR6 14"" QHD 165Hz Laptop";"Rp19.899.000";"https://www.tokopedia.com/star-seventeen-com/colorful-epoch-n14-i7-13620h-ram-16gb-ddr5-5200-ssd-512gb-rtx-4060-8gb-gddr6-14-qhd-165hz-laptop-1730864494550484869?extParam=ivf%3Dfalse%26keyword%3Drtx+4060+laptop%26search_id%3D2026050803385463923F49E52413069O3N%26src%3Dsearch";"STAR SEVENTEEN COM";"Jakarta Selatan"
"COLORFUL EVOL P15 i7-13620H RAM 16GB DDR5 4800MHz SSD 512GB RTX 4060 8GB GDDR6 Laptop";"Rp17.899.000";"https://www.tokopedia.com/star-seventeen-com/colorful-evol-p15-i7-13620h-ram-16gb-ddr5-4800mhz-ssd-512gb-rtx-4060-8gb-gddr6-laptop-1730864492740380549?extParam=ivf%3Dfalse%26keyword%3Drtx+4060+laptop%26search_id%3D2026050803385463923F49E52413069O3N%26src%3Dsearch";"STAR SEVENTEEN COM";"Jakarta Selatan"
"COLORFUL EVOL P15 RTX 4060 i7 - 13620H Laptop Gaming | Biru Muda";"Rp17.999.000";"https://www.tokopedia.com/gamingpcstore/colorful-evol-p15-rtx-4060-i7-13620h-laptop-gaming-biru-muda-1733307115722605733?extParam=ivf%3Dfalse%26keyword%3Drtx+4060+laptop%26search_id%3D2026050803385463923F49E52413069O3N%26src%3Dsearch";"STAR17 COM";"Jakarta Selatan"
"COLORFUL EVOL P15 23-HJ76B-G - GeForce RTX 4060 Core i7-13620H 512GB SSD 16GB RAM Grey Notebook Laptop Gaming";"Rp17.599.000";"https://www.tokopedia.com/gasol/colorful-evol-p15-23-hj76b-g-geforce-rtx-4060-core-i7-13620h-512gb-ssd-16gb-ram-grey-notebook-laptop-gaming-1734313389492045006?extParam=ivf%3Dfalse%26keyword%3Drtx+4060+laptop%26search_id%3D2026050803385463923F49E52413069O3N%26src%3Dsearch";"GASOL MALANG";"Malang"
"Laptop MSI KATANA 15 Intel Core i7 13620H Rtx 4060 8Gb / Ram 16Gb 1Tb Ssd Win 11 + Office Ori";"Rp18.299.000";"https://www.tokopedia.com/herlinacom/laptop-msi-katana-15-intel-core-i7-13620h-rtx-4060-8gb-ram-16gb-1tb-ssd-win-11-office-ori-1732444840211088782?extParam=ivf%3Dtrue%26keyword%3Drtx+4060+laptop%26search_id%3D2026050803385463923F49E52413069O3N%26src%3Dsearch";"Herlinacom";"Depok"
"COLORFUL EPOCH N14 RTX 4060 i7 - 13620H Laptop Gaming | Deep Ocean Blue";"Rp19.999.000";"https://www.tokopedia.com/gamingpcstore/colorful-epoch-n14-rtx-4060-i7-13620h-laptop-gaming-deep-ocean-blue-1733308893799548069?extParam=ivf%3Dfalse%26keyword%3Drtx+4060+laptop%26search_id%3D2026050803385463923F49E52413069O3N%26src%3Dsearch";"STAR17 COM";"Jakarta Selatan"
"Laptop Gaming Colorful Epoch N14 AI PC - Intel Core i7-13620H | 16GB | GeForce RTX 4060 | SSD NVMe 512GB";"Rp19.989.000";"https://www.tokopedia.com/jayapc/laptop-gaming-colorful-epoch-n14-ai-pc-intel-core-i7-13620h-16gb-geforce-rtx-4060-ssd-nvme-512gb-1733660871745177112?extParam=ivf%3Dfalse%26keyword%3Drtx+4060+laptop%26search_id%3D2026050803385463923F49E52413069O3N%26src%3Dsearch";"Jaya PC";"Jakarta Pusat"
"ACER PREDATOR HELIOS NEO 16 PHN16-72-93X3 - GeForce RTX 4060 Core i9-14900HX 1TB SSD 16GB RAM Notebook Laptop Gaming";"Rp24.799.000";"https://www.tokopedia.com/gasol-kaliurang/acer-predator-helios-neo-16-phn16-72-93x3-geforce-rtx-4060-core-i9-14900hx-1tb-ssd-16gb-ram-notebook-laptop-gaming-1734445635998286973?extParam=ivf%3Dfalse%26keyword%3Drtx+4060+laptop%26search_id%3D2026050803385463923F49E52413069O3N%26src%3Dsearch";"GASOL KALIURANG";"Malang"
"COLORFUL EVOL P15 23-HJ76B-G - GeForce RTX 4060 Core i7-13620H 512GB SSD 16GB RAM Grey Notebook Laptop Gaming";"Rp17.599.000";"https://www.tokopedia.com/gasolsurabaya/colorful-evol-p15-23-hj76b-g-geforce-rtx-4060-core-i7-13620h-512gb-ssd-16gb-ram-grey-notebook-laptop-gaming-1734313389474285563?extParam=ivf%3Dfalse%26keyword%3Drtx+4060+laptop%26search_id%3D2026050803385463923F49E52413069O3N%26src%3Dsearch";"Gasol Maspion Square Surabaya";"Surabaya"
"COLORFUL EVOL P15 23-HJ76B-G - GeForce RTX 4060 Core i7-13620H 512GB SSD 16GB RAM Grey Notebook Laptop Gaming";"Rp17.599.000";"https://www.tokopedia.com/gasolsumbersari/colorful-evol-p15-23-hj76b-g-geforce-rtx-4060-core-i7-13620h-512gb-ssd-16gb-ram-grey-notebook-laptop-gaming-1734313389475006351?extParam=ivf%3Dfalse%26keyword%3Drtx+4060+laptop%26search_id%3D2026050803385463923F49E52413069O3N%26src%3Dsearch";"GASOL SUMBERSARI";"Malang"
"COLORFUL EPOCH N14 AI PC | Laptop Gaming i7 13620H RTX 4060 512GB SSD 16GB DDR5 QHD 165Hz";"Rp20.499.000";"https://www.tokopedia.com/toko-expert-komputer/colorful-epoch-n14-ai-pc-laptop-gaming-i7-13620h-rtx-4060-512gb-ssd-16gb-ddr5-qhd-165hz-1732804445641671877?extParam=ivf%3Dfalse%26keyword%3Drtx+4060+laptop%26search_id%3D2026050803385463923F49E52413069O3N%26src%3Dsearch";"Toko Expert Komputer";"Jakarta Pusat"
"COLORFUL EVOL P15 | Laptop Gaming i7 13620H RTX 4060 512GB SSD 16GB DDR5 QHD 165Hz sRGB";"Rp18.699.000";"https://www.tokopedia.com/toko-expert-komputer/colorful-evol-p15-laptop-gaming-i7-13620h-rtx-4060-512gb-ssd-16gb-ddr5-qhd-165hz-srgb-1732802902393324741?extParam=ivf%3Dfalse%26keyword%3Drtx+4060+laptop%26search_id%3D2026050803385463923F49E52413069O3N%26src%3Dsearch";"Toko Expert Komputer";"Jakarta Pusat"
"COLORFUL EVOL P15 RTX 4060 i7 - 13620H Laptop Gaming | Abu-abu";"Rp17.999.000";"https://www.tokopedia.com/gamingpcstore/colorful-evol-p15-rtx-4060-i7-13620h-laptop-gaming-abu-abu-1733307808833963173?extParam=ivf%3Dfalse%26keyword%3Drtx+4060+laptop%26search_id%3D2026050803385463923F49E52413069O3N%26src%3Dsearch";"STAR17 COM";"Jakarta Selatan"
"ACER PREDATOR HELIOS NEO 16 PHN16-72-93X3 - GeForce RTX 4060 Core i9-14900HX 1TB SSD 16GB RAM Notebook Laptop Gaming";"Rp24.799.000";"https://www.tokopedia.com/gasolsumbersari/acer-predator-helios-neo-16-phn16-72-93x3-geforce-rtx-4060-core-i9-14900hx-1tb-ssd-16gb-ram-notebook-laptop-gaming-1734445399974774671?extParam=ivf%3Dfalse%26keyword%3Drtx+4060+laptop%26search_id%3D2026050803385463923F49E52413069O3N%26src%3Dsearch";"GASOL SUMBERSARI";"Malang"
"ACER PREDATOR HELIOS NEO 16 PHN16-72-93X3 - GeForce RTX 4060 Core i9-14900HX 1TB SSD 16GB RAM Notebook Laptop Gaming";"Rp24.799.000";"https://www.tokopedia.com/galaxy-solusindo/acer-predator-helios-neo-16-phn16-72-93x3-geforce-rtx-4060-core-i9-14900hx-1tb-ssd-16gb-ram-notebook-laptop-gaming-1734445401533547937?extParam=ivf%3Dfalse%26keyword%3Drtx+4060+laptop%26search_id%3D2026050803385463923F49E52413069O3N%26src%3Dsearch";"Galaxy Solusindo";"Malang"
"COLORFUL EVOL P15 i7-13620H RAM 16GB DDR5 4800MHz SSD 512GB RTX 4060 8GB GDDR6 15.6"" QHD 165Hz Laptop";"Rp17.899.000";"https://www.tokopedia.com/star-seventeen-com/colorful-evol-p15-i7-13620h-ram-16gb-ddr5-4800mhz-ssd-512gb-rtx-4060-8gb-gddr6-15-6-qhd-165hz-laptop-1730864491857676165?extParam=ivf%3Dfalse%26keyword%3Drtx+4060+laptop%26search_id%3D2026050803385463923F49E52413069O3N%26src%3Dsearch";"STAR SEVENTEEN COM";"Jakarta Selatan"
"Laptop Gaming Colorful Evol P15 - Intel Core i7-13620H | 16GB | GeForce RTX 4060 | SSD NVMe 512GB";"Rp17.859.000";"https://www.tokopedia.com/central-display/laptop-gaming-colorful-evol-p15-intel-core-i7-13620h-16gb-geforce-rtx-4060-ssd-nvme-512gb-1733660723456738934?extParam=ivf%3Dfalse%26keyword%3Drtx+4060+laptop%26search_id%3D2026050803385463923F49E52413069O3N%26src%3Dsearch";"Central Display";"Jakarta Pusat"
"Laptop Axioo Pongo 760 V2 Intel Core i7 13620H Rtx 4060 8Gb / Ram 16Gb 512Gb Ssd Win 11 Ori 15.6 Full HD 144Hz";"Rp17.799.000";"https://www.tokopedia.com/herlinacom/laptop-axioo-pongo-760-v2-intel-core-i7-13620h-rtx-4060-8gb-ram-16gb-512gb-ssd-win-11-ori-15-6-full-hd-144hz-1731176175853471118?extParam=ivf%3Dtrue%26keyword%3Drtx+4060+laptop%26search_id%3D2026050803385463923F49E52413069O3N%26src%3Dsearch";"Herlinacom";"Depok"
"COLORFUL EVOL P15 23-HJ76B-G - GeForce RTX 4060 Core i7-13620H 512GB SSD 16GB RAM Grey Notebook Laptop Gaming";"Rp17.599.000";"https://www.tokopedia.com/gasoldinoyo/colorful-evol-p15-23-hj76b-g-geforce-rtx-4060-core-i7-13620h-512gb-ssd-16gb-ram-grey-notebook-laptop-gaming-1734313782514386088?extParam=ivf%3Dfalse%26keyword%3Drtx+4060+laptop%26search_id%3D2026050803385463923F49E52413069O3N%26src%3Dsearch";"GASOL DINOYO MALANG";"Malang"
"Lenovo ThinkPad P1 Gen 6 2R00 Intel Core i7 13800H vPro Win11 Pro 16GB 1TB SSD NVIDIA RTX 4060 8GB 16"" WQXGA IPS Antiglare 165Hz 100% sRGB 500nits 1080p IR Backlit Fingerprint MilSpec Laptop Bisnis Workstation P 16inch 21FVS02R00 Black";"Rp54.719.000";"https://www.tokopedia.com/infomikro/lenovo-thinkpad-p1-gen-6-2r00-intel-core-i7-13800h-vpro-win11-pro-16gb-1tb-ssd-nvidia-rtx-4060-8gb-16-wqxga-ips-antiglare-165hz-100-srgb-500nits-1080p-ir-backlit-fingerprint-milspec-laptop-bisnis-workstation-p-16inch-21fvs02r00-black-1734394738452825413?extParam=ivf%3Dfalse%26keyword%3Drtx+4060+laptop%26search_id%3D2026050803385463923F49E52413069O3N%26src%3Dsearch";"Lenovo Store by IMD";"Jakarta Pusat"
"Laptop Gaming COLORFUL EVOL P15 GeForce RTX 4060 i7-13620H";"Rp18.699.000";"https://www.tokopedia.com/tech-in-store/laptop-gaming-colorful-evol-p15-geforce-rtx-4060-i7-13620h-putih-6978f?extParam=ivf%3Dfalse%26keyword%3Drtx+4060+laptop%26search_id%3D2026050803385463923F49E52413069O3N%26src%3Dsearch";"Tech In Store";"Jakarta Utara"
"ACER PREDATOR HELIOS NEO 16 PHN16-72-93X3 - GeForce RTX 4060 Core i9-14900HX 1TB SSD 16GB RAM Notebook Laptop Gaming";"Rp24.799.000";"https://www.tokopedia.com/gasoldinoyo/acer-predator-helios-neo-16-phn16-72-93x3-geforce-rtx-4060-core-i9-14900hx-1tb-ssd-16gb-ram-notebook-laptop-gaming-1734445400528356520?extParam=ivf%3Dfalse%26keyword%3Drtx+4060+laptop%26search_id%3D2026050803385463923F49E52413069O3N%26src%3Dsearch";"GASOL DINOYO MALANG";"Malang"
"ACER LAPTOP GAMING PREDATOR TRITON NEO 16 PTN16-51-98BM GRAPHICS NVIDIA GEFORCE RTX 4060 16"" WQXGA INTEL CORE ULTRA 9 185H RAM 32GB STORAGE 1TB SSD WINDOWS 11";"Rp33.099.000";"https://www.tokopedia.com/acer-indonesia/acer-predator-triton-neo-16-ptn16-51-98bm-intel-core-ultra-9-185h-nvidia-geforce-rtx-4060-32gb-ram-1tb-ssd?extParam=ivf%3Dfalse%26keyword%3Drtx+4060+laptop%26search_id%3D2026050803385463923F49E52413069O3N%26src%3Dsearch";"Acer Indonesia";"Jakarta Timur"
"Adaptor Charger For Laptop Lenovo Legion Pro 9 7 7i 5i 5 RTX 4060 4070 4080 4090 Gaming Laptop ADL330SDC3A ADL330SCC3A GX21M50608 GX21K06347 20V 16.5A 330W";"Rp2.500.000";"https://www.tokopedia.com/specialistsparepart/adaptor-charger-for-laptop-lenovo-legion-pro-9-7-7i-5i-5-rtx-4060-4070-4080-4090-gaming-laptop-adl330sdc3a-adl330scc3a-gx21m50608-gx21k06347-20v-16-5a-330w-1730784914924340406?extParam=ivf%3Dfalse%26keyword%3Drtx+4060+laptop%26search_id%3D2026050803385463923F49E52413069O3N%26src%3Dsearch";"FIVE STAR COMP";"Jakarta Pusat"
"LAPTOP ASUS ROG RTX 3070 8GB 16GB RAM 1-1.5 TB SSD RYZEN 7 5800H 99Wth 300Hz Display RGB PERKEY Not 4060 MSI";"Rp15.000.000";"https://www.tokopedia.com/ruellia/laptop-asus-rog-rtx-3070-8gb-16gb-ram-1-1-5-tb-ssd-ryzen-7-5800h-99wth-300hz-display-rgb-perkey-not-4060-msi-1729994737967138253?extParam=ivf%3Dfalse%26keyword%3Drtx+4060+laptop%26search_id%3D2026050803385463923F49E52413069O3N%26src%3Dsearch";"Ruellia.Corp";"Tangerang Selatan"
"Laptop Gaming COLORFUL EVOL P15 GeForce RTX 4060 i7-13620H RAM 16GB SSD 512GB";"Rp17.999.000";"https://www.tokopedia.com/tokobaruofficial/laptop-gaming-colorful-evol-p15-geforce-rtx-4060-i7-13620h-ram-16gb-ssd-512gb-1731006500516496731?extParam=ivf%3Dfalse%26keyword%3Drtx+4060+laptop%26search_id%3D2026050803385463923F49E52413069O3N%26src%3Dsearch";"tokobaru.co.id";"Jakarta Pusat"
"LENOVO ThinkPad P1 Gen 6 Intel Core i7-13800H 32GB 1TB SSD Nvidia RTX 4060 8GB 16"" WQXGA IPS 500nits Windows 11 Pro 21FVS02R00 2R00 - Laptop Business Commercial Bisnis";"Rp42.399.900";"https://www.tokopedia.com/onyxtechnology/lenovo-thinkpad-p1-gen-6-intel-core-i7-13800h-32gb-1tb-ssd-nvidia-rtx-4060-8gb-16-wqxga-ips-500nits-windows-11-pro-21fvs02r00-2r00-laptop-business-commercial-bisnis-1729952620717180265?extParam=ivf%3Dfalse%26keyword%3Drtx+4060+laptop%26search_id%3D2026050803385463923F49E52413069O3N%26src%3Dsearch";"Onyx Technology";"Jakarta Pusat"
"Colorful Laptop Gaming EVOL P15 23-HJ76B-B, Intel Core i7-13620H, NVIDIA GeForce RTX 4060 8GB, 16GB DDR5, 512GB SSD, 15.6 QHD 165Hz, Windows 11 Home, Pine Blue, 2Yr Warranty";"Rp17.899.900";"https://www.tokopedia.com/duniastorage/colorful-laptop-gaming-evol-p15-23-hj76b-b-intel-core-i7-13620h-nvidia-geforce-rtx-4060-8gb-16gb-ddr5-512gb-ssd-15-6-qhd-165hz-windows-11-home-pine-blue-2yr-warranty-1732949811751585478?extParam=ivf%3Dfalse%26keyword%3Drtx+4060+laptop%26search_id%3D2026050803385463923F49E52413069O3N%26src%3Dsearch";"Dunia Storage Komputer";"Jakarta Pusat"
"Colorful Laptop AI PC EPOCH N14-AI PC Intel Core i7-13620H NVIDIA GeForce RTX 4060 8GB 16GB DDR5 512GB SSD 14 QHD 165Hz Windows 11 Home Garansi 2 Tahun";"Rp19.999.000";"https://www.tokopedia.com/duniastorage/colorful-laptop-ai-pc-epoch-n14-ai-pc-intel-core-i7-13620h-nvidia-geforce-rtx-4060-8gb-16gb-ddr5-512gb-ssd-14-qhd-165hz-windows-11-home-garansi-2-tahun-1732949811848775366?extParam=ivf%3Dfalse%26keyword%3Drtx+4060+laptop%26search_id%3D2026050803385463923F49E52413069O3N%26src%3Dsearch";"Dunia Storage Komputer";"Jakarta Pusat"
"COLORFUL Laptop Gaming EVOL P15 23-HJ76B-W/G Intel Core i7-13620H NVIDIA RTX 4060 8GB SSD 512GB Windows 11 Home Grey";"Rp17.899.900";"https://www.tokopedia.com/duniastorage/colorful-laptop-gaming-evol-p15-23-hj76b-w-g-intel-core-i7-13620h-nvidia-rtx-4060-8gb-ssd-512gb-windows-11-home-grey-1732949836992186054?extParam=ivf%3Dfalse%26keyword%3Drtx+4060+laptop%26search_id%3D2026050803385463923F49E52413069O3N%26src%3Dsearch";"Dunia Storage Komputer";"Jakarta Pusat"
"LAYAR LED LCD LAPTOP LENOVO LOQ 15 APR9 15-APR9 15APR9 RYZEN 5 7 7435HS RTX 4060 15.6"" 15.6 INCH FULLHD FULL HD FHD IPS 1920 1080 ANTI GLARE 100% SRGB 72 NTSC";"Rp1.600.000";"https://www.tokopedia.com/marketcomputer/layar-led-lcd-laptop-lenovo-loq-15-apr9-15-apr9-15apr9-ryzen-5-7-7435hs-rtx-4060-15-6-15-6-inch-fullhd-full-hd-fhd-ips-1920-1080-anti-glare-100-srgb-72-ntsc-100-srgb-17d3c?extParam=ivf%3Dfalse%26keyword%3Drtx+4060+laptop%26search_id%3D2026050803385463923F49E52413069O3N%26src%3Dsearch";"Market Computer_NEW";"Jakarta Pusat"
"LAPTOP GAMING LENOVO LOQ 15ARP9 R7-7435HS RTX 4060 100% sRGB 144Hz";"Rp14.700.000";"https://www.tokopedia.com/planetlaptopbandung/laptop-gaming-lenovo-loq-15arp9-r7-7435hs-rtx-4060-100-srgb-144hz-1733008060055324233?extParam=ivf%3Dfalse%26keyword%3Drtx+4060+laptop%26search_id%3D2026050803385463923F49E52413069O3N%26src%3Dsearch";"planetlaptopbandung";"Bandung"
"Laptop Gaming Tipis Anime Matrix Asus ROG Zephyrus G14 GA402RJ-R7X6B6G-O Animatrix Nebula Display OLED R7-6800HS RX6800S RX 6800S 8GB GDDR6 RTX 3070 4050 4060 Lenovo Legion Slim Yoga 5 7 Pro Zenbook MSI Stealth Acer Swift Macbook Pro 14 15 inch M2 M3 M4";"Rp16.550.000";"https://www.tokopedia.com/dasir-dept-elektronik/laptop-gaming-tipis-anime-matrix-asus-rog-zephyrus-g14-ga402rj-r7x6b6g-o-animatrix-nebula-display-oled-r7-6800hs-rx6800s-rx-6800s-8gb-gddr6-rtx-3070-4050-4060-lenovo-legion-slim-yoga-5-7-pro-zenbook-msi-stealth-acer-swift-macbook-pro-14-15-inch-m2-m3-m4-1731599695738734555?extParam=ivf%3Dfalse%26keyword%3Drtx+4060+laptop%26search_id%3D2026050803385463923F49E52413069O3N%26src%3Dsearch";"Dasir Dept Elektronik";"Bandung"
"MSI Cyborg 15 i7 Gen 13 RTX 4060 6 GB FHD IPS 144 Hz Fullset Like New RESMI Garansi Panjang Gaming Desain Laptop || not Katana Thin";"Rp15.500.000";"https://www.tokopedia.com/genstore-notebook/msi-cyborg-15-i7-gen-13-rtx-4060-6-gb-fhd-ips-144-hz-fullset-like-new-resmi-garansi-panjang-gaming-desain-laptop-not-katana-thin-1731629945166727141?extParam=ivf%3Dfalse%26keyword%3Drtx+4060+laptop%26search_id%3D2026050803385463923F49E52413069O3N%26src%3Dsearch";"GenStore Notebook";"Bandung"
"LAPTOP GAMING LOQ 15IRX9 i7-13650HX RTX 4060 12GB DDR5 512GB 15.6"" IPS 144Hz Windows  11";"Rp16.915.000";"https://www.tokopedia.com/disstributorlaptop/laptop-gaming-loq-15irx9-i7-13650hx-rtx-4060-12gb-ddr5-512gb-15-6-ips-144hz-windows-11-1731448900555998602?extParam=ivf%3Dfalse%26keyword%3Drtx+4060+laptop%26search_id%3D2026050803385463923F49E52413069O3N%26src%3Dsearch";"DisstributorLaptop";"Jakarta Timur"
"Colorful Laptop Gaming P15 i7-13620H 16GB 512GB SSD RTX 4060 15.6"" W11";"Rp16.999.000";"https://www.tokopedia.com/theideapremium/colorful-laptop-gaming-p15-i7-13620h-16gb-512gb-ssd-rtx-4060-15-6-w11-1730782301068559609?extParam=ivf%3Dfalse%26keyword%3Drtx+4060+laptop%26search_id%3D2026050803385463923F49E52413069O3N%26src%3Dsearch";"Theidea Premium";"Jakarta Pusat"
"Acer Laptop Nitro V15 ANV15-51-901S GeForce RTX 4060 8GB-i9 13900H 16GB 512GB SSD Windows Gaming Terbaik";"Rp18.000.000";"https://www.tokopedia.com/ola-com/acer-laptop-nitro-v15-anv15-51-901s-geforce-rtx-4060-8gb-i9-13900h-16gb-512gb-ssd-windows-gaming-terbaik-1733631267211675093?extParam=ivf%3Dfalse%26keyword%3Drtx+4060+laptop%26search_id%3D2026050803385463923F49E52413069O3N%26src%3Dsearch";"Ola Com";"Jakarta Timur"
